,educationRequirements,Local_by_edu/Total
0,High School,0.047764563942460606
4,Higher Education,0.03827250152819616
8,None,0.0757523654005995
